contract_code,client_full_name,phone_number,email
27402959,Codi Bonhome,103-470-0382,cblue0@ihg.com
69127949,Ilaire Archambault,552-833-3849,ccathersides1@networksolutions.com
21853912,Aleen Reeves,705-108-7895,sdavey2@walmart.com
82722718,Celestia Saice,136-406-9186,ckeiling3@netlog.com
66372504,Gaynor Joules,466-898-3129,avalentine4@bing.com
96340478,Larissa Stollenbecker,580-309-8653,egaitskell5@bbb.org
3110153,Bertie Davidowsky,949-904-7271,lbryning6@etsy.com
60824153,Janey Rostron,640-587-4648,rsijmons7@ibm.com
49883751,Kessia Tash,641-750-9675,hklain8@howstuffworks.com
80957312,Corly Filliskirk,304-334-4811,alanfer9@va.gov
94723176,Beale Mohammed,687-725-7570,asinkina@blog.com
32021207,Nanon Pierrepont,653-278-7791,ksaywoodb@nifty.com
71551553,Stanislaw Farbrother,767-228-5515,lblasonic@mlb.com
68641474,Elden L'Episcopi,281-600-1611,kplankd@arizona.edu
27583337,Mathias McGeneay,463-637-1419,wtutinge@geocities.com
19100256,Marjory Balkwill,231-852-7481,tramblef@walmart.com
82756385,Nichols Kybert,994-116-4338,fdavidovitchg@sciencedaily.com
56720733,Sinclair Ronayne,666-913-2807,dnorledgeh@apple.com
579560,Filia Trumble,405-230-4948,ianderbruggei@vistaprint.com
92114612,Patricia Honywill,117-238-7708,labrahmerj@seesaa.net
13359359,Ulick Hansill,720-205-2698,slissandrek@yellowpages.com
28804265,Mic Cogzell,713-478-4445,cbrewl@yandex.ru
750724,Devin Wittman,205-875-6846,esandercroftm@ebay.com
46803010,Moselle Jacobowits,968-222-0653,asiebartn@yolasite.com
98816141,Merla Styan,939-772-5684,nmartinollio@t-online.de
42078246,Nissie Mellem,426-741-1102,hharcep@jimdo.com
70696851,Xenia Schowenburg,941-502-2773,bhawkridgeq@google.co.uk
78209711,Pen Polycote,894-852-8164,esmythinr@irs.gov
73373529,Hailey Pettisall,860-196-3703,dokes@free.fr
74665275,Page Rickman,982-538-2457,nmountt@typepad.com
9440722,Walton Gammet,556-240-2490,btrathenu@tinypic.com
97961190,Jillian Yakhin,403-117-2917,wpuntv@addthis.com
55665668,Rene Lathy,958-565-2899,acrownew@zimbio.com
47646426,Kristian Sheldrake,589-764-4911,sshuardx@jimdo.com
51570743,Kristi Hucks,170-137-2787,kmadilly@mashable.com
9515570,Bell Petrovic,296-815-3596,acommucciz@cnet.com
14899959,Gabbie Bulger,500-323-5402,gfaas10@sciencedaily.com
41633187,Herta Meade,809-563-5644,bramshaw11@smugmug.com
50336287,Daren Bow,719-664-3323,fskitch12@infoseek.co.jp
90633823,Livvy Rothman,748-871-0820,gsimeoni13@netvibes.com
98112213,Ailyn Malyan,483-117-6086,thaddleton14@trellian.com
45872210,Pat MacAvddy,154-363-9974,bmoulder15@answers.com
89761235,Pascale Claeskens,461-238-8803,jpatillo16@myspace.com
63408132,Lyda Flounders,747-968-2588,obelhomme17@mashable.com
17985764,Shell Iggulden,868-470-9912,aphilippson18@jimdo.com
58810921,Nettle Powton,766-229-5182,ychaffyn19@a8.net
95270982,Smith Baldacco,494-651-7810,gmolson1a@cbsnews.com
12250092,Paxon Kebell,209-958-7835,kpetters1b@icq.com
30736100,Daveta Biddles,178-529-0306,mstainton1c@simplemachines.org
18881887,Conroy Stanion,121-600-5846,laliberti1d@sohu.com
97855544,Hestia Robilliard,930-678-6722,lnation1e@t.co
24087794,Samara Bullent,767-759-9768,jglaum1f@indiatimes.com
24295894,Anna-diane Faircloth,937-926-2850,dolufsen1g@nydailynews.com
55276953,Cathryn Bumpass,616-886-8262,rkrystof1h@nbcnews.com
36593078,Terri Bader,349-765-2204,jmarsham1i@wufoo.com
81236160,Herschel Finneran,714-288-9781,pchastey1j@vkontakte.ru
89269234,Cesare Gulvin,246-803-7750,llamerton1k@instagram.com
11814231,Eldin Favey,739-724-5105,fmurcutt1l@dropbox.com
12362511,Ferguson Tokley,740-950-5740,bhowlings1m@cloudflare.com
14208027,Hendrika Latimer,109-753-2790,jwhisson1n@flavors.me
34727115,Ingunna Lowdes,660-969-4707,lduetsche1o@eepurl.com
50072457,Noam Morrall,930-522-3408,gtinwell1p@arizona.edu
22123121,Renell Nicholls,834-943-9707,mmela1q@buzzfeed.com
40700878,Giffer Roche,419-576-7871,rcozby1r@wikipedia.org
48946432,Gwyneth Crickmoor,415-126-3468,hhelleker1s@ehow.com
44972974,Ivor Parmenter,941-560-6576,mmoatt1t@yahoo.co.jp
89570437,Allx Girard,938-965-3637,gyuryev1u@ca.gov
97598652,Devy Hyndson,740-817-0141,mgutherson1v@photobucket.com
70853295,Emory Keable,191-819-8338,sgoreisr1w@zdnet.com
49154960,Carine Urian,832-180-0593,hpitford1x@live.com
41044967,Deidre MacCheyne,517-947-0861,ftyer1y@joomla.org
19273007,Dannie Widmoor,617-983-3111,vde1z@tuttocitta.it
91315634,Franchot Pine,973-266-1925,atree20@earthlink.net
14105907,Rodd Biggadyke,469-281-2301,pescoffier21@prweb.com
17035819,Emmaline Borge,800-789-4854,astockley22@livejournal.com
78776121,Selena Sines,260-508-0354,hsedger23@e-recht24.de
99446681,Borg Valett,499-396-3388,ssnowman24@parallels.com
30215631,Garreth Vanes,626-169-0513,abortoloni25@nydailynews.com
56994197,Corny Fearnley,989-397-9704,ahesbrook26@php.net
15305277,Jaymie Fetherstan,115-789-6981,dshortan27@yahoo.com
26673437,Cathe Tombling,735-896-0179,dclarabut28@flickr.com
90135734,Milicent Traite,100-426-7316,asarsfield29@japanpost.jp
82489469,Gar Lung,889-364-3956,msherr2a@360.cn
29417992,Maurizio Darton,569-529-0993,ileverett2b@patch.com
60505345,Bernadene aManger,550-161-3739,gclopton2c@chicagotribune.com
73172516,Ilene Griffoen,796-884-5527,cchirm2d@latimes.com
52738670,Drugi Yakubov,597-146-9534,fearey2e@google.ru
14030468,Ransell Tacon,554-568-4106,doregan2f@ft.com
66317748,Raleigh Edgson,453-718-0361,gclampe2g@yandex.ru
30814338,Ikey Dawnay,723-122-9337,esalerg2h@163.com
23617429,Minne Barrable,611-544-0068,claminman2i@t-online.de
51123850,Vern Stockney,334-593-3328,lsalterne2j@nationalgeographic.com
4446192,Kristel Gregoretti,516-988-8967,thackford2k@msn.com
65645415,Roseline Pentony,560-966-1821,dlargan2l@skype.com
16248888,Kimberlyn Staniland,622-836-3068,omcnelly2m@ebay.com
22963668,Mechelle Serrier,458-219-5965,maymeric2n@slideshare.net
94118860,Dougy Connue,678-412-4132,btowndrow2o@about.me
39094103,Claybourne Mence,285-598-0297,gvillaret2p@foxnews.com
47037577,Bambi Danilyuk,208-761-0381,sbartolomeazzi2q@usatoday.com
28918973,Annemarie Tarborn,195-299-1519,dstocken2r@adobe.com
21315345,Jill Gannicleff,826-453-9104,doneill2s@psu.edu
62691845,Adriano Rylance,898-135-2776,cskipton2t@nasa.gov
47586807,Ainslie Bettinson,617-460-7637,fblackmore2u@dedecms.com
65156367,Phillis McKeon,536-936-8458,jdevons2v@accuweather.com
67524085,Coretta Fordyce,283-755-9287,ctanguy2w@mozilla.org
46268067,Jena Lattka,484-736-4859,liacovone2x@elegantthemes.com
30578793,Margarethe Canfield,192-671-3195,mborgnet2y@blogs.com
4056218,Catlee Duguid,410-996-8771,agosson2z@uiuc.edu
40768709,Caroljean Presnail,306-119-4556,zwarcup30@xing.com
68119311,Lizzy Cavill,291-963-5993,cplumb31@netvibes.com
98324195,Ebba Jope,585-723-8760,aleyre32@people.com.cn
94289301,Megan Wainscoat,383-232-5824,ibusk33@storify.com
22898238,Wallie Gabbat,996-622-7566,kmaggorini34@jugem.jp
4296598,Jilleen Grieswood,722-139-0943,araulstone35@upenn.edu
47897095,Morry Pitson,976-781-6678,ufrancom36@surveymonkey.com
10568280,Ragnar Valerio,537-884-1801,jgippes37@rakuten.co.jp
65402657,Agna Champneys,593-642-0898,cmackieson38@webnode.com
27202981,Meris MacChaell,879-887-6968,fgregorowicz39@imdb.com
91907262,Lorette Steenson,868-112-7165,ahackelton3a@smugmug.com
67151810,Sumner Regorz,445-440-6079,rmcgauhy3b@furl.net
34475720,Shelby Schubert,739-653-4318,aabdie3c@indiegogo.com
36971249,Blanche Manlow,646-164-6212,abreheny3d@sfgate.com
51135338,Laural Kiehne,827-955-0127,greveland3e@google.co.uk
46160891,Carolin Ivashkov,346-683-3391,cmeekings3f@illinois.edu
45260698,Siobhan Danbi,286-502-2783,gronaldson3g@technorati.com
97342876,Gillie Jarvis,253-847-4672,akilliner3h@miibeian.gov.cn
63596637,Cosetta Pavel,196-452-8842,gmapholm3i@infoseek.co.jp
30927329,Bennett Carville,134-929-4266,wbaggallay3j@nifty.com
28852491,Anastasia Lyston,529-222-6759,cvalentetti3k@goo.ne.jp
75237545,Olenka Cunniam,270-303-4146,bcamidge3l@shutterfly.com
31676274,Barrett Potier,926-974-6834,hsweeten3m@clickbank.net
69313635,Rand Daveridge,152-301-5333,scescotti3n@imageshack.us
77491932,Remus Mee,827-937-3943,wblunsden3o@rambler.ru
94441616,Aprilette Wreath,584-758-9397,gelias3p@cyberchimps.com
28602384,Rey Cosans,646-204-0533,cturnpenny3q@vkontakte.ru
87379517,Tonnie Gianelli,780-733-9924,jshieber3r@abc.net.au
77322632,Katie Burtt,193-383-7628,amoncreiff3s@earthlink.net
72286772,Karel Sidebotham,446-411-9958,pmordey3t@netvibes.com
58138707,Jacquelynn Simukov,615-210-6554,rbathoe3u@digg.com
91582944,Lavena Weall,770-723-6414,ddoyley3v@reverbnation.com
24951876,Clemens Corbitt,960-204-7515,edarke3w@home.pl
32734878,Robin Smidmoor,915-830-3386,ghattrick3x@ow.ly
81255508,Karel Torregiani,388-853-7143,ekeegan3y@github.io
88741998,Jareb Ullyatt,844-948-6851,gklarzynski3z@virginia.edu
90459422,Zacharia Dincey,899-937-6830,hbilovus40@hatena.ne.jp
14261767,Amargo Richin,206-721-3517,aklimuk41@cnbc.com
8758637,Erie Bannell,360-636-5104,nvedenyapin42@quantcast.com
86453650,Channa MacCourt,369-737-9959,amillott43@whitehouse.gov
91934385,Dyana Hinckes,582-697-4750,oromero44@spiegel.de
74183287,Cobbie Finby,729-464-6112,rcroson45@nationalgeographic.com
