drivers_licence_number,gender,birthday,idaddress,contract_code,drivers_name
AP9R813,Female,1/18/1969,5YP4T9A8,27402959,Camey Blue
LN6A617,Bigender,5/31/2003,2AV4S6Z7,69127949,Consolata Cathersides
YK8Q367,Bigender,7/1/1951,1HX2H6W0,21853912,Sydelle Davey
PY1X945,Female,8/8/1976,7LX2O8J8,82722718,Cam Keiling
BP7V947,Non-binary,1/18/1966,1QO4T4B9,66372504,Gaynor Joules
AM1O424,Female,3/3/1995,4UV0Z9J5,96340478,Larissa Stollenbecker
FG9K172,Polygender,8/24/1960,3XG1C6I2,3110153,Lexy Bryning
XE2E322,Non-binary,6/5/1999,7IU6P6B3,60824153,Janey Rostron
FR0C243,Genderqueer,9/11/1983,7EG0Z3V0,49883751,Husain Klain
NN6N617,Polygender,7/14/1999,9QK6U5F8,80957312,Corly Filliskirk
XC0S605,Male,10/6/1958,4PV5R5M9,94723176,Beale Mohammed
IW2B795,Agender,9/28/1959,4RU8F6I4,32021207,Kimberli Saywood
BI9D148,Male,1/16/1981,5RE3Y2B3,71551553,Stanislaw Farbrother
XM1B616,Polygender,8/14/1956,3VU8O9H6,68641474,Kirk Plank
QQ7D920,Bigender,9/3/1967,4SW2U8Y0,27583337,Mathias McGeneay
PW4J240,Polygender,12/6/1991,4VZ8W8Q0,19100256,Marjory Balkwill
QU5E991,Male,5/2/1983,8VB0B5F8,82756385,Nichols Kybert
CO1D594,Bigender,4/10/1963,4GJ5Q4C4,56720733,Deeann Norledge
ZZ1N154,Polygender,6/28/1971,5GC6Y2V5,579560,Filia Trumble
XB1L297,Agender,2/3/1958,3JE5O1I4,92114612,Ladonna Abrahmer
TW0M473,Polygender,4/14/1979,9PJ2Q5D7,13359359,Stefa Lissandre
IJ5G901,Female,11/8/1967,6SR7K0Q5,28804265,Mic Cogzell
CZ0A391,Male,11/19/1999,2IO7G0G0,750724,Devin Wittman
OI0N329,Genderqueer,6/8/2002,9JR3A2V9,46803010,Ailee Siebart
RX0T756,Genderqueer,10/26/1989,7WM7Z2K4,98816141,Nickie Martinolli
NE8U802,Female,7/15/1996,1PJ8Q3D4,42078246,Hube Harce
DL1A017,Polygender,6/23/1960,1BX5W2K4,70696851,Xenia Schowenburg
ZN4K558,Genderfluid,8/5/1992,5IX6T2N1,78209711,Elsi Smythin
BI2H725,Male,2/1/1955,5SO7N4B8,73373529,Devlin Oke
NQ2W290,Agender,7/6/1952,5PE7F1U5,74665275,Page Rickman
AC3E966,Male,1/17/1984,3ES3G1V1,9440722,Walton Gammet
DH2Z229,Non-binary,2/10/1989,6FK4V2M3,97961190,Jillian Yakhin
RE2D733,Genderqueer,6/16/1984,4VY9A6Y0,55665668,Arvy Crowne
NR1N617,Female,8/22/1962,7YY0D1T8,47646426,Kristian Sheldrake
ZV9Z831,Polygender,1/1/1981,7QU8Z3R7,51570743,Kristi Hucks
JE9K649,Non-binary,8/28/1995,0NA3Y2W1,9515570,Anitra Commucci
AT5J109,Agender,1/9/1983,6CR8H3T3,14899959,Gabbie Bulger
UP8U853,Agender,11/14/1982,1VW1N9M6,41633187,Blondie Ramshaw
GD7I055,Genderfluid,10/19/1967,7EU0N8U0,50336287,Fern Skitch
PB5N537,Bigender,10/18/1995,2VW3Q6E2,90633823,Gerhardt Simeoni
DX4Y198,Non-binary,12/31/1989,2RB9M4N9,98112213,Thomasine Haddleton
YO3N253,Female,8/18/1988,5JI1O7O1,45872210,Berrie Moulder
OY0C723,Polygender,8/22/1951,5US0O8G0,89761235,Jillayne Patillo
DX1U080,Genderfluid,6/18/1956,7VX8P4J4,63408132,Orsa Belhomme
LN3A617,Polygender,7/8/1988,2OW3Z9E1,17985764,Shell Iggulden
RB6Y875,Non-binary,4/13/1982,1OM2Y8I1,58810921,Yul Chaffyn
FP3X253,Agender,10/3/2000,4JK2H2D9,95270982,Smith Baldacco
KU2O642,Polygender,7/24/1987,7IE4N8A0,12250092,Paxon Kebell
LW4Y549,Bigender,4/23/1964,8BQ4R4D2,30736100,Daveta Biddles
RH6L444,Genderqueer,3/2/1959,6EV3A6J3,18881887,Conroy Stanion
CW5O935,Male,7/18/1987,2BL1U9B8,97855544,Hestia Robilliard
WT9J379,Agender,8/18/1993,3XM0Y0I6,24087794,Jerrold Glaum
VT6T031,Genderqueer,10/7/1979,6CI9H5L2,24295894,Dex Olufsen
NW6J537,Bigender,12/18/1953,8TW4U8Q1,55276953,Ruth Krystof
OV4T817,Agender,4/4/1952,0LV0Q1E1,36593078,Jud Marsham
WJ3I253,Genderqueer,5/25/1999,0QA2P8M6,81236160,Herschel Finneran
QM0K528,Genderfluid,3/23/1976,8RE0M2T5,89269234,Linus Lamerton
ZC1Q241,Female,9/21/1973,0OR1F7M2,11814231,Florencia Murcutt
SM5V955,Polygender,7/8/1987,6XU6E2W8,12362511,Ferguson Tokley
GO7B372,Non-binary,10/15/2000,2FM9O9U3,14208027,Hendrika Latimer
DJ8Y573,Genderfluid,7/26/1983,8FW6T2T2,34727115,Lucio Duetsche
EK1L162,Agender,10/23/1965,2LB7Y1Q0,50072457,Graham Tinwell
MD2E393,Bigender,7/12/1979,4IT8P0F3,22123121,Renell Nicholls
CM6U498,Male,6/16/2003,1AM5N4X4,40700878,Giffer Roche
FQ6Y505,Female,11/23/1979,7RB2S8G1,48946432,Gwyneth Crickmoor
OD0S176,Genderqueer,12/17/1965,4QI4W5K2,44972974,Maximilianus Moatt
HO2R054,Genderqueer,1/30/2001,9HO1P1K4,89570437,Allx Girard
YP1L446,Genderfluid,8/19/1978,7ZE9F2C5,97598652,Minnie Gutherson
XG1O311,Genderqueer,8/2/1992,2UE6T7E4,70853295,Stanwood Goreisr
KE2J836,Agender,6/23/1964,9HK2A5Q3,49154960,Carine Urian
HI5P401,Genderqueer,3/29/1995,7KA0F4V0,41044967,Felipe Tyer
XH9O876,Polygender,6/2/1972,0KG0H1M1,19273007,Virgie De Zuani
BE9O185,Genderqueer,7/28/1961,7FX6G2T6,91315634,Allyn Tree
PE9U577,Female,7/19/1997,4AF4G7O6,14105907,Phyllida Escoffier
MZ1X741,Female,5/2/1991,3XE4R4H9,17035819,Emmaline Borge
AA4R280,Male,11/16/1959,5SE8F4S3,78776121,Selena Sines
SY5F675,Male,5/10/1962,9FQ4L0L9,99446681,Sully Snowman
SI1Y661,Genderqueer,5/22/1993,9IJ9Q0S2,30215631,Aubrey Bortoloni
PH9P708,Bigender,7/31/1987,1AS7O3I1,56994197,Alis Hesbrook
RD6Z736,Bigender,2/5/1966,0JE7M1N5,15305277,Jaymie Fetherstan
DI1P069,Polygender,3/20/1959,5BL3H1V1,26673437,Cathe Tombling
FG3U606,Agender,2/28/1977,3EJ5Z7O4,90135734,Milicent Traite
XY5U676,Female,9/26/1983,9DR0W0G7,82489469,Gar Lung
OU6Z381,Genderfluid,8/25/1994,5ZZ6P3M5,29417992,Maurizio Darton
HC1S460,Non-binary,12/27/1984,3RD5P4M5,60505345,Bernadene aManger
LD4X556,Male,12/3/1962,8NW9E7G0,73172516,Chickie Chirm
AN9N366,Genderfluid,2/26/1983,4AG8O5A0,52738670,Drugi Yakubov
AF3H077,Genderfluid,12/30/1990,9XF7K9K4,14030468,Ransell Tacon
JN1E364,Agender,3/26/1988,5GB9R4C0,66317748,Raleigh Edgson
FO3C379,Genderfluid,10/12/1974,0LH4K5T1,30814338,Ikey Dawnay
OF6I125,Polygender,11/5/1957,1JN8J7U6,23617429,Carleen Laminman
TN3X824,Genderfluid,9/26/1990,2FW5N9T0,51123850,Vern Stockney
AY2G025,Agender,7/25/1975,4MO5K3Q4,4446192,Kristel Gregoretti
RL7N529,Bigender,3/29/1966,2MN2B1E9,65645415,Dal Largan
DA8H795,Female,12/21/1979,5OJ4E4T0,16248888,Odelinda McNelly
JB0U304,Genderqueer,7/6/1961,6PB7B1U4,22963668,Manuel Aymeric
DL7G874,Male,6/16/1961,1TR1V3N3,94118860,Brenda Towndrow
QV9W593,Genderqueer,7/30/1996,9MT2H3I5,39094103,Garry Villaret
ZI2Y210,Male,8/22/1974,6LP2T6Q1,47037577,Bambi Danilyuk
TG7Q932,Female,10/12/1983,3LT0U9I9,28918973,Deedee Stocken
LN2X063,Female,10/20/1957,6RA2B8V1,21315345,Dominique O'Neill
MC3D816,Genderfluid,12/22/1993,1VD7G8H0,62691845,Corrinne Skipton
NV8N937,Non-binary,4/2/1984,5AY9L9E6,47586807,Ainslie Bettinson
LZ2K963,Genderqueer,1/16/1997,6GA6X9J0,65156367,Phillis McKeon
XP1U817,Polygender,9/9/1960,2RW5E8G1,67524085,Coretta Fordyce
QI6B758,Genderqueer,3/17/1996,7ZZ1F7T0,46268067,Loralie Iacovone
GC6W815,Male,1/15/1998,8DQ8O4E7,30578793,Margarethe Canfield
FR7M410,Bigender,3/25/1963,8AU2J6X1,4056218,Catlee Duguid
GV8E143,Female,7/8/1984,5RB1M4L2,40768709,Caroljean Presnail
PD5J161,Non-binary,3/20/1963,0IQ1G6H2,68119311,Catlee Plumb
AN1V576,Agender,4/28/1995,5AN5K6S7,98324195,Ebba Jope
IN2H044,Genderfluid,5/13/1963,8SD5Z3V2,94289301,Inigo Busk
SF6N870,Female,1/31/1961,7UF9R1X7,22898238,Wallie Gabbat
ZP3U806,Agender,9/22/1956,5DE7C4E2,4296598,Anna Raulstone
ST0J329,Male,1/22/1956,8KW6M7R2,47897095,Morry Pitson
UP3G468,Male,12/11/1991,6CE4T3U8,10568280,Ragnar Valerio
EZ5U265,Polygender,1/27/1985,1FO6F4L0,65402657,Agna Champneys
QI7V412,Polygender,4/25/1961,8RF7K5V9,27202981,Falito Gregorowicz
JK4B792,Agender,11/24/1962,6VA5N3X1,91907262,Alf Hackelton
YI9M716,Agender,4/19/1979,5LC5L5R8,67151810,Sumner Regorz
LE5I804,Female,12/6/1957,4QV6E7L7,34475720,Shelby Schubert
YG2L195,Agender,3/27/1959,6ZV0B4Y4,36971249,Blanche Manlow
YN3P339,Bigender,3/3/1980,4CM8H4P4,51135338,Laural Kiehne
YE5X769,Genderqueer,3/24/1977,3PE6X2L1,46160891,Care Meekings
YR1W884,Non-binary,2/19/1953,9LA4I1Q2,45260698,Gus Ronaldson
RS0V229,Non-binary,9/26/1987,1MC7Z6Z0,97342876,Aida Killiner
UM0X149,Male,5/7/1969,8KN8F6I7,63596637,Cosetta Pavel
GN6E507,Female,9/10/1979,2FO3H2O5,30927329,Bennett Carville
IK1Q637,Genderqueer,4/16/1957,1PY2C9C7,28852491,Anastasia Lyston
FC7C349,Genderfluid,3/22/1975,9GC3K8J7,75237545,Olenka Cunniam
VE8S227,Genderfluid,3/25/1959,0SU1W0V6,31676274,Hercules Sweeten
MD5J799,Male,1/25/1956,9YN9B3P3,69313635,Rand Daveridge
HI3V127,Non-binary,6/25/1974,6BC0R7P6,77491932,Remus Mee
VU5D821,Male,6/5/1952,5EX3S3A7,94441616,Aprilette Wreath
QZ1Z098,Bigender,12/26/1961,8YN4U0D8,28602384,Clayborne Turnpenny
AN3X225,Female,3/26/2000,1VN4V8C0,87379517,Tonnie Gianelli
BZ3D784,Agender,4/3/1977,7ED6X9C5,77322632,Katie Burtt
FR4L967,Polygender,1/9/1956,7FI2M8J4,72286772,Karel Sidebotham
IK8X537,Genderfluid,10/23/1987,8CG6N6T8,58138707,Rusty Bathoe
XW9Z426,Polygender,11/10/1991,4UV7U5P1,91582944,Lavena Weall
YN6B962,Female,6/26/2001,2ZO3A0Z9,24951876,Elsinore Darke
EU0D682,Polygender,1/31/1963,0LT4U1C5,32734878,Gottfried Hattrick
IK0F150,Non-binary,12/30/1990,3IB9H8S8,81255508,Karel Torregiani
EC8H070,Genderqueer,5/13/1978,5DH9K6Q7,88741998,Jareb Ullyatt
DB7B406,Non-binary,8/12/1962,3KY9U5M0,90459422,Zacharia Dincey
TP9F631,Agender,10/20/1995,9EG0P1W3,14261767,Amargo Richin
FA9T583,Non-binary,3/15/1977,7UG0B0F7,8758637,Erie Bannell
SW2G968,Non-binary,2/24/1979,3GR2U1S9,86453650,Adria Millott
ZY5U393,Agender,6/24/1952,1BL7E1C8,91934385,Odessa Romero
DQ0C672,Genderfluid,10/24/1987,0IX9I9W3,74183287,Reagan Croson
